datekey,Date,Weekname,Day,WeekNr,Month,MonthShort,MonthNr,Quarter,Year
20190101,2019-01-01,Tuesday,1,1,January,Jan,1,1,2019
20190102,2019-01-02,Wednesday,2,1,January,Jan,1,1,2019
20190103,2019-01-03,Thursday,3,1,January,Jan,1,1,2019
20190104,2019-01-04,Friday,4,1,January,Jan,1,1,2019
20190105,2019-01-05,Saturday,5,1,January,Jan,1,1,2019
20190106,2019-01-06,Sunday,6,2,January,Jan,1,1,2019
20190107,2019-01-07,Monday,7,2,January,Jan,1,1,2019
20190108,2019-01-08,Tuesday,8,2,January,Jan,1,1,2019
20190109,2019-01-09,Wednesday,9,2,January,Jan,1,1,2019
20190110,2019-01-10,Thursday,10,2,January,Jan,1,1,2019
20190111,2019-01-11,Friday,11,2,January,Jan,1,1,2019
20190112,2019-01-12,Saturday,12,2,January,Jan,1,1,2019
20190113,2019-01-13,Sunday,13,3,January,Jan,1,1,2019
20190114,2019-01-14,Monday,14,3,January,Jan,1,1,2019
20190115,2019-01-15,Tuesday,15,3,January,Jan,1,1,2019
20190116,2019-01-16,Wednesday,16,3,January,Jan,1,1,2019
20190117,2019-01-17,Thursday,17,3,January,Jan,1,1,2019
20190118,2019-01-18,Friday,18,3,January,Jan,1,1,2019
20190119,2019-01-19,Saturday,19,3,January,Jan,1,1,2019
20190120,2019-01-20,Sunday,20,4,January,Jan,1,1,2019
20190121,2019-01-21,Monday,21,4,January,Jan,1,1,2019
20190122,2019-01-22,Tuesday,22,4,January,Jan,1,1,2019
20190123,2019-01-23,Wednesday,23,4,January,Jan,1,1,2019
20190124,2019-01-24,Thursday,24,4,January,Jan,1,1,2019
20190125,2019-01-25,Friday,25,4,January,Jan,1,1,2019
20190126,2019-01-26,Saturday,26,4,January,Jan,1,1,2019
20190127,2019-01-27,Sunday,27,5,January,Jan,1,1,2019
20190128,2019-01-28,Monday,28,5,January,Jan,1,1,2019
20190129,2019-01-29,Tuesday,29,5,January,Jan,1,1,2019
20190130,2019-01-30,Wednesday,30,5,January,Jan,1,1,2019
20190131,2019-01-31,Thursday,31,5,January,Jan,1,1,2019
20190201,2019-02-01,Friday,1,5,February,Feb,2,1,2019
20190202,2019-02-02,Saturday,2,5,February,Feb,2,1,2019
20190203,2019-02-03,Sunday,3,6,February,Feb,2,1,2019
20190204,2019-02-04,Monday,4,6,February,Feb,2,1,2019
20190205,2019-02-05,Tuesday,5,6,February,Feb,2,1,2019
20190206,2019-02-06,Wednesday,6,6,February,Feb,2,1,2019
20190207,2019-02-07,Thursday,7,6,February,Feb,2,1,2019
20190208,2019-02-08,Friday,8,6,February,Feb,2,1,2019
20190209,2019-02-09,Saturday,9,6,February,Feb,2,1,2019
20190210,2019-02-10,Sunday,10,7,February,Feb,2,1,2019
20190211,2019-02-11,Monday,11,7,February,Feb,2,1,2019
20190212,2019-02-12,Tuesday,12,7,February,Feb,2,1,2019
20190213,2019-02-13,Wednesday,13,7,February,Feb,2,1,2019
20190214,2019-02-14,Thursday,14,7,February,Feb,2,1,2019
20190215,2019-02-15,Friday,15,7,February,Feb,2,1,2019
20190216,2019-02-16,Saturday,16,7,February,Feb,2,1,2019
20190217,2019-02-17,Sunday,17,8,February,Feb,2,1,2019
20190218,2019-02-18,Monday,18,8,February,Feb,2,1,2019
20190219,2019-02-19,Tuesday,19,8,February,Feb,2,1,2019
20190220,2019-02-20,Wednesday,20,8,February,Feb,2,1,2019
20190221,2019-02-21,Thursday,21,8,February,Feb,2,1,2019
20190222,2019-02-22,Friday,22,8,February,Feb,2,1,2019
20190223,2019-02-23,Saturday,23,8,February,Feb,2,1,2019
20190224,2019-02-24,Sunday,24,9,February,Feb,2,1,2019
20190225,2019-02-25,Monday,25,9,February,Feb,2,1,2019
20190226,2019-02-26,Tuesday,26,9,February,Feb,2,1,2019
20190227,2019-02-27,Wednesday,27,9,February,Feb,2,1,2019
20190228,2019-02-28,Thursday,28,9,February,Feb,2,1,2019
20190301,2019-03-01,Friday,1,9,March,Mar,3,1,2019
20190302,2019-03-02,Saturday,2,9,March,Mar,3,1,2019
20190303,2019-03-03,Sunday,3,10,March,Mar,3,1,2019
20190304,2019-03-04,Monday,4,10,March,Mar,3,1,2019
20190305,2019-03-05,Tuesday,5,10,March,Mar,3,1,2019
20190306,2019-03-06,Wednesday,6,10,March,Mar,3,1,2019
20190307,2019-03-07,Thursday,7,10,March,Mar,3,1,2019
20190308,2019-03-08,Friday,8,10,March,Mar,3,1,2019
20190309,2019-03-09,Saturday,9,10,March,Mar,3,1,2019
20190310,2019-03-10,Sunday,10,11,March,Mar,3,1,2019
20190311,2019-03-11,Monday,11,11,March,Mar,3,1,2019
20190312,2019-03-12,Tuesday,12,11,March,Mar,3,1,2019
20190313,2019-03-13,Wednesday,13,11,March,Mar,3,1,2019
20190314,2019-03-14,Thursday,14,11,March,Mar,3,1,2019
20190315,2019-03-15,Friday,15,11,March,Mar,3,1,2019
20190316,2019-03-16,Saturday,16,11,March,Mar,3,1,2019
20190317,2019-03-17,Sunday,17,12,March,Mar,3,1,2019
20190318,2019-03-18,Monday,18,12,March,Mar,3,1,2019
20190319,2019-03-19,Tuesday,19,12,March,Mar,3,1,2019
20190320,2019-03-20,Wednesday,20,12,March,Mar,3,1,2019
20190321,2019-03-21,Thursday,21,12,March,Mar,3,1,2019
20190322,2019-03-22,Friday,22,12,March,Mar,3,1,2019
20190323,2019-03-23,Saturday,23,12,March,Mar,3,1,2019
20190324,2019-03-24,Sunday,24,13,March,Mar,3,1,2019
20190325,2019-03-25,Monday,25,13,March,Mar,3,1,2019
20190326,2019-03-26,Tuesday,26,13,March,Mar,3,1,2019
20190327,2019-03-27,Wednesday,27,13,March,Mar,3,1,2019
20190328,2019-03-28,Thursday,28,13,March,Mar,3,1,2019
20190329,2019-03-29,Friday,29,13,March,Mar,3,1,2019
20190330,2019-03-30,Saturday,30,13,March,Mar,3,1,2019
20190331,2019-03-31,Sunday,31,14,March,Mar,3,1,2019
20190401,2019-04-01,Monday,1,14,April,Apr,4,2,2019
20190402,2019-04-02,Tuesday,2,14,April,Apr,4,2,2019
20190403,2019-04-03,Wednesday,3,14,April,Apr,4,2,2019
20190404,2019-04-04,Thursday,4,14,April,Apr,4,2,2019
20190405,2019-04-05,Friday,5,14,April,Apr,4,2,2019
20190406,2019-04-06,Saturday,6,14,April,Apr,4,2,2019
20190407,2019-04-07,Sunday,7,15,April,Apr,4,2,2019
20190408,2019-04-08,Monday,8,15,April,Apr,4,2,2019
20190409,2019-04-09,Tuesday,9,15,April,Apr,4,2,2019
20190410,2019-04-10,Wednesday,10,15,April,Apr,4,2,2019
20190411,2019-04-11,Thursday,11,15,April,Apr,4,2,2019
20190412,2019-04-12,Friday,12,15,April,Apr,4,2,2019
20190413,2019-04-13,Saturday,13,15,April,Apr,4,2,2019
20190414,2019-04-14,Sunday,14,16,April,Apr,4,2,2019
20190415,2019-04-15,Monday,15,16,April,Apr,4,2,2019
20190416,2019-04-16,Tuesday,16,16,April,Apr,4,2,2019
20190417,2019-04-17,Wednesday,17,16,April,Apr,4,2,2019
20190418,2019-04-18,Thursday,18,16,April,Apr,4,2,2019
20190419,2019-04-19,Friday,19,16,April,Apr,4,2,2019
20190420,2019-04-20,Saturday,20,16,April,Apr,4,2,2019
20190421,2019-04-21,Sunday,21,17,April,Apr,4,2,2019
20190422,2019-04-22,Monday,22,17,April,Apr,4,2,2019
20190423,2019-04-23,Tuesday,23,17,April,Apr,4,2,2019
20190424,2019-04-24,Wednesday,24,17,April,Apr,4,2,2019
20190425,2019-04-25,Thursday,25,17,April,Apr,4,2,2019
20190426,2019-04-26,Friday,26,17,April,Apr,4,2,2019
20190427,2019-04-27,Saturday,27,17,April,Apr,4,2,2019
20190428,2019-04-28,Sunday,28,18,April,Apr,4,2,2019
20190429,2019-04-29,Monday,29,18,April,Apr,4,2,2019
20190430,2019-04-30,Tuesday,30,18,April,Apr,4,2,2019
20190501,2019-05-01,Wednesday,1,18,May,May,5,2,2019
20190502,2019-05-02,Thursday,2,18,May,May,5,2,2019
20190503,2019-05-03,Friday,3,18,May,May,5,2,2019
20190504,2019-05-04,Saturday,4,18,May,May,5,2,2019
20190505,2019-05-05,Sunday,5,19,May,May,5,2,2019
20190506,2019-05-06,Monday,6,19,May,May,5,2,2019
20190507,2019-05-07,Tuesday,7,19,May,May,5,2,2019
20190508,2019-05-08,Wednesday,8,19,May,May,5,2,2019
20190509,2019-05-09,Thursday,9,19,May,May,5,2,2019
20190510,2019-05-10,Friday,10,19,May,May,5,2,2019
20190511,2019-05-11,Saturday,11,19,May,May,5,2,2019
20190512,2019-05-12,Sunday,12,20,May,May,5,2,2019
20190513,2019-05-13,Monday,13,20,May,May,5,2,2019
20190514,2019-05-14,Tuesday,14,20,May,May,5,2,2019
20190515,2019-05-15,Wednesday,15,20,May,May,5,2,2019
20190516,2019-05-16,Thursday,16,20,May,May,5,2,2019
20190517,2019-05-17,Friday,17,20,May,May,5,2,2019
20190518,2019-05-18,Saturday,18,20,May,May,5,2,2019
20190519,2019-05-19,Sunday,19,21,May,May,5,2,2019
20190520,2019-05-20,Monday,20,21,May,May,5,2,2019
20190521,2019-05-21,Tuesday,21,21,May,May,5,2,2019
20190522,2019-05-22,Wednesday,22,21,May,May,5,2,2019
20190523,2019-05-23,Thursday,23,21,May,May,5,2,2019
20190524,2019-05-24,Friday,24,21,May,May,5,2,2019
20190525,2019-05-25,Saturday,25,21,May,May,5,2,2019
20190526,2019-05-26,Sunday,26,22,May,May,5,2,2019
20190527,2019-05-27,Monday,27,22,May,May,5,2,2019
20190528,2019-05-28,Tuesday,28,22,May,May,5,2,2019
20190529,2019-05-29,Wednesday,29,22,May,May,5,2,2019
20190530,2019-05-30,Thursday,30,22,May,May,5,2,2019
20190531,2019-05-31,Friday,31,22,May,May,5,2,2019
20190601,2019-06-01,Saturday,1,22,June,Jun,6,2,2019
20190602,2019-06-02,Sunday,2,23,June,Jun,6,2,2019
20190603,2019-06-03,Monday,3,23,June,Jun,6,2,2019
20190604,2019-06-04,Tuesday,4,23,June,Jun,6,2,2019
20190605,2019-06-05,Wednesday,5,23,June,Jun,6,2,2019
20190606,2019-06-06,Thursday,6,23,June,Jun,6,2,2019
20190607,2019-06-07,Friday,7,23,June,Jun,6,2,2019
20190608,2019-06-08,Saturday,8,23,June,Jun,6,2,2019
20190609,2019-06-09,Sunday,9,24,June,Jun,6,2,2019
20190610,2019-06-10,Monday,10,24,June,Jun,6,2,2019
20190611,2019-06-11,Tuesday,11,24,June,Jun,6,2,2019
20190612,2019-06-12,Wednesday,12,24,June,Jun,6,2,2019
20190613,2019-06-13,Thursday,13,24,June,Jun,6,2,2019
20190614,2019-06-14,Friday,14,24,June,Jun,6,2,2019
20190615,2019-06-15,Saturday,15,24,June,Jun,6,2,2019
20190616,2019-06-16,Sunday,16,25,June,Jun,6,2,2019
20190617,2019-06-17,Monday,17,25,June,Jun,6,2,2019
20190618,2019-06-18,Tuesday,18,25,June,Jun,6,2,2019
20190619,2019-06-19,Wednesday,19,25,June,Jun,6,2,2019
20190620,2019-06-20,Thursday,20,25,June,Jun,6,2,2019
20190621,2019-06-21,Friday,21,25,June,Jun,6,2,2019
20190622,2019-06-22,Saturday,22,25,June,Jun,6,2,2019
20190623,2019-06-23,Sunday,23,26,June,Jun,6,2,2019
20190624,2019-06-24,Monday,24,26,June,Jun,6,2,2019
20190625,2019-06-25,Tuesday,25,26,June,Jun,6,2,2019
20190626,2019-06-26,Wednesday,26,26,June,Jun,6,2,2019
20190627,2019-06-27,Thursday,27,26,June,Jun,6,2,2019
20190628,2019-06-28,Friday,28,26,June,Jun,6,2,2019
20190629,2019-06-29,Saturday,29,26,June,Jun,6,2,2019
20190630,2019-06-30,Sunday,30,27,June,Jun,6,2,2019
20190701,2019-07-01,Monday,1,27,July,Jul,7,3,2019
20190702,2019-07-02,Tuesday,2,27,July,Jul,7,3,2019
20190703,2019-07-03,Wednesday,3,27,July,Jul,7,3,2019
20190704,2019-07-04,Thursday,4,27,July,Jul,7,3,2019
20190705,2019-07-05,Friday,5,27,July,Jul,7,3,2019
20190706,2019-07-06,Saturday,6,27,July,Jul,7,3,2019
20190707,2019-07-07,Sunday,7,28,July,Jul,7,3,2019
20190708,2019-07-08,Monday,8,28,July,Jul,7,3,2019
20190709,2019-07-09,Tuesday,9,28,July,Jul,7,3,2019
20190710,2019-07-10,Wednesday,10,28,July,Jul,7,3,2019
20190711,2019-07-11,Thursday,11,28,July,Jul,7,3,2019
20190712,2019-07-12,Friday,12,28,July,Jul,7,3,2019
20190713,2019-07-13,Saturday,13,28,July,Jul,7,3,2019
20190714,2019-07-14,Sunday,14,29,July,Jul,7,3,2019
20190715,2019-07-15,Monday,15,29,July,Jul,7,3,2019
20190716,2019-07-16,Tuesday,16,29,July,Jul,7,3,2019
20190717,2019-07-17,Wednesday,17,29,July,Jul,7,3,2019
20190718,2019-07-18,Thursday,18,29,July,Jul,7,3,2019
20190719,2019-07-19,Friday,19,29,July,Jul,7,3,2019
20190720,2019-07-20,Saturday,20,29,July,Jul,7,3,2019
20190721,2019-07-21,Sunday,21,30,July,Jul,7,3,2019
20190722,2019-07-22,Monday,22,30,July,Jul,7,3,2019
20190723,2019-07-23,Tuesday,23,30,July,Jul,7,3,2019
20190724,2019-07-24,Wednesday,24,30,July,Jul,7,3,2019
20190725,2019-07-25,Thursday,25,30,July,Jul,7,3,2019
20190726,2019-07-26,Friday,26,30,July,Jul,7,3,2019
20190727,2019-07-27,Saturday,27,30,July,Jul,7,3,2019
20190728,2019-07-28,Sunday,28,31,July,Jul,7,3,2019
20190729,2019-07-29,Monday,29,31,July,Jul,7,3,2019
20190730,2019-07-30,Tuesday,30,31,July,Jul,7,3,2019
20190731,2019-07-31,Wednesday,31,31,July,Jul,7,3,2019
20190801,2019-08-01,Thursday,1,31,August,Aug,8,3,2019
20190802,2019-08-02,Friday,2,31,August,Aug,8,3,2019
20190803,2019-08-03,Saturday,3,31,August,Aug,8,3,2019
20190804,2019-08-04,Sunday,4,32,August,Aug,8,3,2019
20190805,2019-08-05,Monday,5,32,August,Aug,8,3,2019
20190806,2019-08-06,Tuesday,6,32,August,Aug,8,3,2019
20190807,2019-08-07,Wednesday,7,32,August,Aug,8,3,2019
20190808,2019-08-08,Thursday,8,32,August,Aug,8,3,2019
20190809,2019-08-09,Friday,9,32,August,Aug,8,3,2019
20190810,2019-08-10,Saturday,10,32,August,Aug,8,3,2019
20190811,2019-08-11,Sunday,11,33,August,Aug,8,3,2019
20190812,2019-08-12,Monday,12,33,August,Aug,8,3,2019
20190813,2019-08-13,Tuesday,13,33,August,Aug,8,3,2019
20190814,2019-08-14,Wednesday,14,33,August,Aug,8,3,2019
20190815,2019-08-15,Thursday,15,33,August,Aug,8,3,2019
20190816,2019-08-16,Friday,16,33,August,Aug,8,3,2019
20190817,2019-08-17,Saturday,17,33,August,Aug,8,3,2019
20190818,2019-08-18,Sunday,18,34,August,Aug,8,3,2019
20190819,2019-08-19,Monday,19,34,August,Aug,8,3,2019
20190820,2019-08-20,Tuesday,20,34,August,Aug,8,3,2019
20190821,2019-08-21,Wednesday,21,34,August,Aug,8,3,2019
20190822,2019-08-22,Thursday,22,34,August,Aug,8,3,2019
20190823,2019-08-23,Friday,23,34,August,Aug,8,3,2019
20190824,2019-08-24,Saturday,24,34,August,Aug,8,3,2019
20190825,2019-08-25,Sunday,25,35,August,Aug,8,3,2019
20190826,2019-08-26,Monday,26,35,August,Aug,8,3,2019
20190827,2019-08-27,Tuesday,27,35,August,Aug,8,3,2019
20190828,2019-08-28,Wednesday,28,35,August,Aug,8,3,2019
20190829,2019-08-29,Thursday,29,35,August,Aug,8,3,2019
20190830,2019-08-30,Friday,30,35,August,Aug,8,3,2019
20190831,2019-08-31,Saturday,31,35,August,Aug,8,3,2019
20190901,2019-09-01,Sunday,1,36,September,Sep,9,3,2019
20190902,2019-09-02,Monday,2,36,September,Sep,9,3,2019
20190903,2019-09-03,Tuesday,3,36,September,Sep,9,3,2019
20190904,2019-09-04,Wednesday,4,36,September,Sep,9,3,2019
20190905,2019-09-05,Thursday,5,36,September,Sep,9,3,2019
20190906,2019-09-06,Friday,6,36,September,Sep,9,3,2019
20190907,2019-09-07,Saturday,7,36,September,Sep,9,3,2019
20190908,2019-09-08,Sunday,8,37,September,Sep,9,3,2019
20190909,2019-09-09,Monday,9,37,September,Sep,9,3,2019
20190910,2019-09-10,Tuesday,10,37,September,Sep,9,3,2019
20190911,2019-09-11,Wednesday,11,37,September,Sep,9,3,2019
20190912,2019-09-12,Thursday,12,37,September,Sep,9,3,2019
20190913,2019-09-13,Friday,13,37,September,Sep,9,3,2019
20190914,2019-09-14,Saturday,14,37,September,Sep,9,3,2019
20190915,2019-09-15,Sunday,15,38,September,Sep,9,3,2019
20190916,2019-09-16,Monday,16,38,September,Sep,9,3,2019
20190917,2019-09-17,Tuesday,17,38,September,Sep,9,3,2019
20190918,2019-09-18,Wednesday,18,38,September,Sep,9,3,2019
20190919,2019-09-19,Thursday,19,38,September,Sep,9,3,2019
20190920,2019-09-20,Friday,20,38,September,Sep,9,3,2019
20190921,2019-09-21,Saturday,21,38,September,Sep,9,3,2019
20190922,2019-09-22,Sunday,22,39,September,Sep,9,3,2019
20190923,2019-09-23,Monday,23,39,September,Sep,9,3,2019
20190924,2019-09-24,Tuesday,24,39,September,Sep,9,3,2019
20190925,2019-09-25,Wednesday,25,39,September,Sep,9,3,2019
20190926,2019-09-26,Thursday,26,39,September,Sep,9,3,2019
20190927,2019-09-27,Friday,27,39,September,Sep,9,3,2019
20190928,2019-09-28,Saturday,28,39,September,Sep,9,3,2019
20190929,2019-09-29,Sunday,29,40,September,Sep,9,3,2019
20190930,2019-09-30,Monday,30,40,September,Sep,9,3,2019
20191001,2019-10-01,Tuesday,1,40,October,Oct,10,4,2019
20191002,2019-10-02,Wednesday,2,40,October,Oct,10,4,2019
20191003,2019-10-03,Thursday,3,40,October,Oct,10,4,2019
20191004,2019-10-04,Friday,4,40,October,Oct,10,4,2019
20191005,2019-10-05,Saturday,5,40,October,Oct,10,4,2019
20191006,2019-10-06,Sunday,6,41,October,Oct,10,4,2019
20191007,2019-10-07,Monday,7,41,October,Oct,10,4,2019
20191008,2019-10-08,Tuesday,8,41,October,Oct,10,4,2019
20191009,2019-10-09,Wednesday,9,41,October,Oct,10,4,2019
20191010,2019-10-10,Thursday,10,41,October,Oct,10,4,2019
20191011,2019-10-11,Friday,11,41,October,Oct,10,4,2019
20191012,2019-10-12,Saturday,12,41,October,Oct,10,4,2019
20191013,2019-10-13,Sunday,13,42,October,Oct,10,4,2019
20191014,2019-10-14,Monday,14,42,October,Oct,10,4,2019
20191015,2019-10-15,Tuesday,15,42,October,Oct,10,4,2019
20191016,2019-10-16,Wednesday,16,42,October,Oct,10,4,2019
20191017,2019-10-17,Thursday,17,42,October,Oct,10,4,2019
20191018,2019-10-18,Friday,18,42,October,Oct,10,4,2019
20191019,2019-10-19,Saturday,19,42,October,Oct,10,4,2019
20191020,2019-10-20,Sunday,20,43,October,Oct,10,4,2019
20191021,2019-10-21,Monday,21,43,October,Oct,10,4,2019
20191022,2019-10-22,Tuesday,22,43,October,Oct,10,4,2019
20191023,2019-10-23,Wednesday,23,43,October,Oct,10,4,2019
20191024,2019-10-24,Thursday,24,43,October,Oct,10,4,2019
20191025,2019-10-25,Friday,25,43,October,Oct,10,4,2019
20191026,2019-10-26,Saturday,26,43,October,Oct,10,4,2019
20191027,2019-10-27,Sunday,27,44,October,Oct,10,4,2019
20191028,2019-10-28,Monday,28,44,October,Oct,10,4,2019
20191029,2019-10-29,Tuesday,29,44,October,Oct,10,4,2019
20191030,2019-10-30,Wednesday,30,44,October,Oct,10,4,2019
20191031,2019-10-31,Thursday,31,44,October,Oct,10,4,2019
20191101,2019-11-01,Friday,1,44,November,Nov,11,4,2019
20191102,2019-11-02,Saturday,2,44,November,Nov,11,4,2019
20191103,2019-11-03,Sunday,3,45,November,Nov,11,4,2019
20191104,2019-11-04,Monday,4,45,November,Nov,11,4,2019
20191105,2019-11-05,Tuesday,5,45,November,Nov,11,4,2019
20191106,2019-11-06,Wednesday,6,45,November,Nov,11,4,2019
20191107,2019-11-07,Thursday,7,45,November,Nov,11,4,2019
20191108,2019-11-08,Friday,8,45,November,Nov,11,4,2019
20191109,2019-11-09,Saturday,9,45,November,Nov,11,4,2019
20191110,2019-11-10,Sunday,10,46,November,Nov,11,4,2019
20191111,2019-11-11,Monday,11,46,November,Nov,11,4,2019
20191112,2019-11-12,Tuesday,12,46,November,Nov,11,4,2019
20191113,2019-11-13,Wednesday,13,46,November,Nov,11,4,2019
20191114,2019-11-14,Thursday,14,46,November,Nov,11,4,2019
20191115,2019-11-15,Friday,15,46,November,Nov,11,4,2019
20191116,2019-11-16,Saturday,16,46,November,Nov,11,4,2019
20191117,2019-11-17,Sunday,17,47,November,Nov,11,4,2019
20191118,2019-11-18,Monday,18,47,November,Nov,11,4,2019
20191119,2019-11-19,Tuesday,19,47,November,Nov,11,4,2019
20191120,2019-11-20,Wednesday,20,47,November,Nov,11,4,2019
20191121,2019-11-21,Thursday,21,47,November,Nov,11,4,2019
20191122,2019-11-22,Friday,22,47,November,Nov,11,4,2019
20191123,2019-11-23,Saturday,23,47,November,Nov,11,4,2019
20191124,2019-11-24,Sunday,24,48,November,Nov,11,4,2019
20191125,2019-11-25,Monday,25,48,November,Nov,11,4,2019
20191126,2019-11-26,Tuesday,26,48,November,Nov,11,4,2019
20191127,2019-11-27,Wednesday,27,48,November,Nov,11,4,2019
20191128,2019-11-28,Thursday,28,48,November,Nov,11,4,2019
20191129,2019-11-29,Friday,29,48,November,Nov,11,4,2019
20191130,2019-11-30,Saturday,30,48,November,Nov,11,4,2019
20191201,2019-12-01,Sunday,1,49,December,Dec,12,4,2019
20191202,2019-12-02,Monday,2,49,December,Dec,12,4,2019
20191203,2019-12-03,Tuesday,3,49,December,Dec,12,4,2019
20191204,2019-12-04,Wednesday,4,49,December,Dec,12,4,2019
20191205,2019-12-05,Thursday,5,49,December,Dec,12,4,2019
20191206,2019-12-06,Friday,6,49,December,Dec,12,4,2019
20191207,2019-12-07,Saturday,7,49,December,Dec,12,4,2019
20191208,2019-12-08,Sunday,8,50,December,Dec,12,4,2019
20191209,2019-12-09,Monday,9,50,December,Dec,12,4,2019
20191210,2019-12-10,Tuesday,10,50,December,Dec,12,4,2019
20191211,2019-12-11,Wednesday,11,50,December,Dec,12,4,2019
20191212,2019-12-12,Thursday,12,50,December,Dec,12,4,2019
20191213,2019-12-13,Friday,13,50,December,Dec,12,4,2019
20191214,2019-12-14,Saturday,14,50,December,Dec,12,4,2019
20191215,2019-12-15,Sunday,15,51,December,Dec,12,4,2019
20191216,2019-12-16,Monday,16,51,December,Dec,12,4,2019
20191217,2019-12-17,Tuesday,17,51,December,Dec,12,4,2019
20191218,2019-12-18,Wednesday,18,51,December,Dec,12,4,2019
20191219,2019-12-19,Thursday,19,51,December,Dec,12,4,2019
20191220,2019-12-20,Friday,20,51,December,Dec,12,4,2019
20191221,2019-12-21,Saturday,21,51,December,Dec,12,4,2019
20191222,2019-12-22,Sunday,22,52,December,Dec,12,4,2019
20191223,2019-12-23,Monday,23,52,December,Dec,12,4,2019
20191224,2019-12-24,Tuesday,24,52,December,Dec,12,4,2019
20191225,2019-12-25,Wednesday,25,52,December,Dec,12,4,2019
20191226,2019-12-26,Thursday,26,52,December,Dec,12,4,2019
20191227,2019-12-27,Friday,27,52,December,Dec,12,4,2019
20191228,2019-12-28,Saturday,28,52,December,Dec,12,4,2019
20191229,2019-12-29,Sunday,29,53,December,Dec,12,4,2019
20191230,2019-12-30,Monday,30,53,December,Dec,12,4,2019
20191231,2019-12-31,Tuesday,31,53,December,Dec,12,4,2019
20200101,2020-01-01,Wednesday,1,1,January,Jan,1,1,2020
20200102,2020-01-02,Thursday,2,1,January,Jan,1,1,2020
20200103,2020-01-03,Friday,3,1,January,Jan,1,1,2020
20200104,2020-01-04,Saturday,4,1,January,Jan,1,1,2020
20200105,2020-01-05,Sunday,5,2,January,Jan,1,1,2020
20200106,2020-01-06,Monday,6,2,January,Jan,1,1,2020
20200107,2020-01-07,Tuesday,7,2,January,Jan,1,1,2020
20200108,2020-01-08,Wednesday,8,2,January,Jan,1,1,2020
20200109,2020-01-09,Thursday,9,2,January,Jan,1,1,2020
20200110,2020-01-10,Friday,10,2,January,Jan,1,1,2020
20200111,2020-01-11,Saturday,11,2,January,Jan,1,1,2020
20200112,2020-01-12,Sunday,12,3,January,Jan,1,1,2020
20200113,2020-01-13,Monday,13,3,January,Jan,1,1,2020
20200114,2020-01-14,Tuesday,14,3,January,Jan,1,1,2020
20200115,2020-01-15,Wednesday,15,3,January,Jan,1,1,2020
20200116,2020-01-16,Thursday,16,3,January,Jan,1,1,2020
20200117,2020-01-17,Friday,17,3,January,Jan,1,1,2020
20200118,2020-01-18,Saturday,18,3,January,Jan,1,1,2020
20200119,2020-01-19,Sunday,19,4,January,Jan,1,1,2020
20200120,2020-01-20,Monday,20,4,January,Jan,1,1,2020
20200121,2020-01-21,Tuesday,21,4,January,Jan,1,1,2020
20200122,2020-01-22,Wednesday,22,4,January,Jan,1,1,2020
20200123,2020-01-23,Thursday,23,4,January,Jan,1,1,2020
20200124,2020-01-24,Friday,24,4,January,Jan,1,1,2020
20200125,2020-01-25,Saturday,25,4,January,Jan,1,1,2020
20200126,2020-01-26,Sunday,26,5,January,Jan,1,1,2020
20200127,2020-01-27,Monday,27,5,January,Jan,1,1,2020
20200128,2020-01-28,Tuesday,28,5,January,Jan,1,1,2020
20200129,2020-01-29,Wednesday,29,5,January,Jan,1,1,2020
20200130,2020-01-30,Thursday,30,5,January,Jan,1,1,2020
20200131,2020-01-31,Friday,31,5,January,Jan,1,1,2020
20200201,2020-02-01,Saturday,1,5,February,Feb,2,1,2020
20200202,2020-02-02,Sunday,2,6,February,Feb,2,1,2020
20200203,2020-02-03,Monday,3,6,February,Feb,2,1,2020
20200204,2020-02-04,Tuesday,4,6,February,Feb,2,1,2020
20200205,2020-02-05,Wednesday,5,6,February,Feb,2,1,2020
20200206,2020-02-06,Thursday,6,6,February,Feb,2,1,2020
20200207,2020-02-07,Friday,7,6,February,Feb,2,1,2020
20200208,2020-02-08,Saturday,8,6,February,Feb,2,1,2020
20200209,2020-02-09,Sunday,9,7,February,Feb,2,1,2020
20200210,2020-02-10,Monday,10,7,February,Feb,2,1,2020
20200211,2020-02-11,Tuesday,11,7,February,Feb,2,1,2020
20200212,2020-02-12,Wednesday,12,7,February,Feb,2,1,2020
20200213,2020-02-13,Thursday,13,7,February,Feb,2,1,2020
20200214,2020-02-14,Friday,14,7,February,Feb,2,1,2020
20200215,2020-02-15,Saturday,15,7,February,Feb,2,1,2020
20200216,2020-02-16,Sunday,16,8,February,Feb,2,1,2020
20200217,2020-02-17,Monday,17,8,February,Feb,2,1,2020
20200218,2020-02-18,Tuesday,18,8,February,Feb,2,1,2020
20200219,2020-02-19,Wednesday,19,8,February,Feb,2,1,2020
20200220,2020-02-20,Thursday,20,8,February,Feb,2,1,2020
20200221,2020-02-21,Friday,21,8,February,Feb,2,1,2020
20200222,2020-02-22,Saturday,22,8,February,Feb,2,1,2020
20200223,2020-02-23,Sunday,23,9,February,Feb,2,1,2020
20200224,2020-02-24,Monday,24,9,February,Feb,2,1,2020
20200225,2020-02-25,Tuesday,25,9,February,Feb,2,1,2020
20200226,2020-02-26,Wednesday,26,9,February,Feb,2,1,2020
20200227,2020-02-27,Thursday,27,9,February,Feb,2,1,2020
20200228,2020-02-28,Friday,28,9,February,Feb,2,1,2020
20200229,2020-02-29,Saturday,29,9,February,Feb,2,1,2020
20200301,2020-03-01,Sunday,1,10,March,Mar,3,1,2020
20200302,2020-03-02,Monday,2,10,March,Mar,3,1,2020
20200303,2020-03-03,Tuesday,3,10,March,Mar,3,1,2020
20200304,2020-03-04,Wednesday,4,10,March,Mar,3,1,2020
20200305,2020-03-05,Thursday,5,10,March,Mar,3,1,2020
20200306,2020-03-06,Friday,6,10,March,Mar,3,1,2020
20200307,2020-03-07,Saturday,7,10,March,Mar,3,1,2020
20200308,2020-03-08,Sunday,8,11,March,Mar,3,1,2020
20200309,2020-03-09,Monday,9,11,March,Mar,3,1,2020
20200310,2020-03-10,Tuesday,10,11,March,Mar,3,1,2020
20200311,2020-03-11,Wednesday,11,11,March,Mar,3,1,2020
20200312,2020-03-12,Thursday,12,11,March,Mar,3,1,2020
20200313,2020-03-13,Friday,13,11,March,Mar,3,1,2020
20200314,2020-03-14,Saturday,14,11,March,Mar,3,1,2020
20200315,2020-03-15,Sunday,15,12,March,Mar,3,1,2020
20200316,2020-03-16,Monday,16,12,March,Mar,3,1,2020
20200317,2020-03-17,Tuesday,17,12,March,Mar,3,1,2020
20200318,2020-03-18,Wednesday,18,12,March,Mar,3,1,2020
20200319,2020-03-19,Thursday,19,12,March,Mar,3,1,2020
20200320,2020-03-20,Friday,20,12,March,Mar,3,1,2020
20200321,2020-03-21,Saturday,21,12,March,Mar,3,1,2020
20200322,2020-03-22,Sunday,22,13,March,Mar,3,1,2020
20200323,2020-03-23,Monday,23,13,March,Mar,3,1,2020
20200324,2020-03-24,Tuesday,24,13,March,Mar,3,1,2020
20200325,2020-03-25,Wednesday,25,13,March,Mar,3,1,2020
20200326,2020-03-26,Thursday,26,13,March,Mar,3,1,2020
20200327,2020-03-27,Friday,27,13,March,Mar,3,1,2020
20200328,2020-03-28,Saturday,28,13,March,Mar,3,1,2020
20200329,2020-03-29,Sunday,29,14,March,Mar,3,1,2020
20200330,2020-03-30,Monday,30,14,March,Mar,3,1,2020
20200331,2020-03-31,Tuesday,31,14,March,Mar,3,1,2020
20200401,2020-04-01,Wednesday,1,14,April,Apr,4,2,2020
20200402,2020-04-02,Thursday,2,14,April,Apr,4,2,2020
20200403,2020-04-03,Friday,3,14,April,Apr,4,2,2020
20200404,2020-04-04,Saturday,4,14,April,Apr,4,2,2020
20200405,2020-04-05,Sunday,5,15,April,Apr,4,2,2020
20200406,2020-04-06,Monday,6,15,April,Apr,4,2,2020
20200407,2020-04-07,Tuesday,7,15,April,Apr,4,2,2020
20200408,2020-04-08,Wednesday,8,15,April,Apr,4,2,2020
20200409,2020-04-09,Thursday,9,15,April,Apr,4,2,2020
20200410,2020-04-10,Friday,10,15,April,Apr,4,2,2020
20200411,2020-04-11,Saturday,11,15,April,Apr,4,2,2020
20200412,2020-04-12,Sunday,12,16,April,Apr,4,2,2020
20200413,2020-04-13,Monday,13,16,April,Apr,4,2,2020
20200414,2020-04-14,Tuesday,14,16,April,Apr,4,2,2020
20200415,2020-04-15,Wednesday,15,16,April,Apr,4,2,2020
20200416,2020-04-16,Thursday,16,16,April,Apr,4,2,2020
20200417,2020-04-17,Friday,17,16,April,Apr,4,2,2020
20200418,2020-04-18,Saturday,18,16,April,Apr,4,2,2020
20200419,2020-04-19,Sunday,19,17,April,Apr,4,2,2020
20200420,2020-04-20,Monday,20,17,April,Apr,4,2,2020
20200421,2020-04-21,Tuesday,21,17,April,Apr,4,2,2020
20200422,2020-04-22,Wednesday,22,17,April,Apr,4,2,2020
20200423,2020-04-23,Thursday,23,17,April,Apr,4,2,2020
20200424,2020-04-24,Friday,24,17,April,Apr,4,2,2020
20200425,2020-04-25,Saturday,25,17,April,Apr,4,2,2020
20200426,2020-04-26,Sunday,26,18,April,Apr,4,2,2020
20200427,2020-04-27,Monday,27,18,April,Apr,4,2,2020
20200428,2020-04-28,Tuesday,28,18,April,Apr,4,2,2020
20200429,2020-04-29,Wednesday,29,18,April,Apr,4,2,2020
20200430,2020-04-30,Thursday,30,18,April,Apr,4,2,2020
20200501,2020-05-01,Friday,1,18,May,May,5,2,2020
20200502,2020-05-02,Saturday,2,18,May,May,5,2,2020
20200503,2020-05-03,Sunday,3,19,May,May,5,2,2020
20200504,2020-05-04,Monday,4,19,May,May,5,2,2020
20200505,2020-05-05,Tuesday,5,19,May,May,5,2,2020
20200506,2020-05-06,Wednesday,6,19,May,May,5,2,2020
20200507,2020-05-07,Thursday,7,19,May,May,5,2,2020
20200508,2020-05-08,Friday,8,19,May,May,5,2,2020
20200509,2020-05-09,Saturday,9,19,May,May,5,2,2020
20200510,2020-05-10,Sunday,10,20,May,May,5,2,2020
20200511,2020-05-11,Monday,11,20,May,May,5,2,2020
20200512,2020-05-12,Tuesday,12,20,May,May,5,2,2020
20200513,2020-05-13,Wednesday,13,20,May,May,5,2,2020
20200514,2020-05-14,Thursday,14,20,May,May,5,2,2020
20200515,2020-05-15,Friday,15,20,May,May,5,2,2020
20200516,2020-05-16,Saturday,16,20,May,May,5,2,2020
20200517,2020-05-17,Sunday,17,21,May,May,5,2,2020
20200518,2020-05-18,Monday,18,21,May,May,5,2,2020
20200519,2020-05-19,Tuesday,19,21,May,May,5,2,2020
20200520,2020-05-20,Wednesday,20,21,May,May,5,2,2020
20200521,2020-05-21,Thursday,21,21,May,May,5,2,2020
20200522,2020-05-22,Friday,22,21,May,May,5,2,2020
20200523,2020-05-23,Saturday,23,21,May,May,5,2,2020
20200524,2020-05-24,Sunday,24,22,May,May,5,2,2020
20200525,2020-05-25,Monday,25,22,May,May,5,2,2020
20200526,2020-05-26,Tuesday,26,22,May,May,5,2,2020
20200527,2020-05-27,Wednesday,27,22,May,May,5,2,2020
20200528,2020-05-28,Thursday,28,22,May,May,5,2,2020
20200529,2020-05-29,Friday,29,22,May,May,5,2,2020
20200530,2020-05-30,Saturday,30,22,May,May,5,2,2020
20200531,2020-05-31,Sunday,31,23,May,May,5,2,2020
20200601,2020-06-01,Monday,1,23,June,Jun,6,2,2020
20200602,2020-06-02,Tuesday,2,23,June,Jun,6,2,2020
20200603,2020-06-03,Wednesday,3,23,June,Jun,6,2,2020
20200604,2020-06-04,Thursday,4,23,June,Jun,6,2,2020
20200605,2020-06-05,Friday,5,23,June,Jun,6,2,2020
20200606,2020-06-06,Saturday,6,23,June,Jun,6,2,2020
20200607,2020-06-07,Sunday,7,24,June,Jun,6,2,2020
20200608,2020-06-08,Monday,8,24,June,Jun,6,2,2020
20200609,2020-06-09,Tuesday,9,24,June,Jun,6,2,2020
20200610,2020-06-10,Wednesday,10,24,June,Jun,6,2,2020
20200611,2020-06-11,Thursday,11,24,June,Jun,6,2,2020
20200612,2020-06-12,Friday,12,24,June,Jun,6,2,2020
20200613,2020-06-13,Saturday,13,24,June,Jun,6,2,2020
20200614,2020-06-14,Sunday,14,25,June,Jun,6,2,2020
20200615,2020-06-15,Monday,15,25,June,Jun,6,2,2020
20200616,2020-06-16,Tuesday,16,25,June,Jun,6,2,2020
20200617,2020-06-17,Wednesday,17,25,June,Jun,6,2,2020
20200618,2020-06-18,Thursday,18,25,June,Jun,6,2,2020
20200619,2020-06-19,Friday,19,25,June,Jun,6,2,2020
20200620,2020-06-20,Saturday,20,25,June,Jun,6,2,2020
20200621,2020-06-21,Sunday,21,26,June,Jun,6,2,2020
20200622,2020-06-22,Monday,22,26,June,Jun,6,2,2020
20200623,2020-06-23,Tuesday,23,26,June,Jun,6,2,2020
20200624,2020-06-24,Wednesday,24,26,June,Jun,6,2,2020
20200625,2020-06-25,Thursday,25,26,June,Jun,6,2,2020
20200626,2020-06-26,Friday,26,26,June,Jun,6,2,2020
20200627,2020-06-27,Saturday,27,26,June,Jun,6,2,2020
20200628,2020-06-28,Sunday,28,27,June,Jun,6,2,2020
20200629,2020-06-29,Monday,29,27,June,Jun,6,2,2020
20200630,2020-06-30,Tuesday,30,27,June,Jun,6,2,2020
20200701,2020-07-01,Wednesday,1,27,July,Jul,7,3,2020
20200702,2020-07-02,Thursday,2,27,July,Jul,7,3,2020
20200703,2020-07-03,Friday,3,27,July,Jul,7,3,2020
20200704,2020-07-04,Saturday,4,27,July,Jul,7,3,2020
20200705,2020-07-05,Sunday,5,28,July,Jul,7,3,2020
20200706,2020-07-06,Monday,6,28,July,Jul,7,3,2020
20200707,2020-07-07,Tuesday,7,28,July,Jul,7,3,2020
20200708,2020-07-08,Wednesday,8,28,July,Jul,7,3,2020
20200709,2020-07-09,Thursday,9,28,July,Jul,7,3,2020
20200710,2020-07-10,Friday,10,28,July,Jul,7,3,2020
20200711,2020-07-11,Saturday,11,28,July,Jul,7,3,2020
20200712,2020-07-12,Sunday,12,29,July,Jul,7,3,2020
20200713,2020-07-13,Monday,13,29,July,Jul,7,3,2020
20200714,2020-07-14,Tuesday,14,29,July,Jul,7,3,2020
20200715,2020-07-15,Wednesday,15,29,July,Jul,7,3,2020
20200716,2020-07-16,Thursday,16,29,July,Jul,7,3,2020
20200717,2020-07-17,Friday,17,29,July,Jul,7,3,2020
20200718,2020-07-18,Saturday,18,29,July,Jul,7,3,2020
20200719,2020-07-19,Sunday,19,30,July,Jul,7,3,2020
20200720,2020-07-20,Monday,20,30,July,Jul,7,3,2020
20200721,2020-07-21,Tuesday,21,30,July,Jul,7,3,2020
20200722,2020-07-22,Wednesday,22,30,July,Jul,7,3,2020
20200723,2020-07-23,Thursday,23,30,July,Jul,7,3,2020
20200724,2020-07-24,Friday,24,30,July,Jul,7,3,2020
20200725,2020-07-25,Saturday,25,30,July,Jul,7,3,2020
20200726,2020-07-26,Sunday,26,31,July,Jul,7,3,2020
20200727,2020-07-27,Monday,27,31,July,Jul,7,3,2020
20200728,2020-07-28,Tuesday,28,31,July,Jul,7,3,2020
20200729,2020-07-29,Wednesday,29,31,July,Jul,7,3,2020
20200730,2020-07-30,Thursday,30,31,July,Jul,7,3,2020
20200731,2020-07-31,Friday,31,31,July,Jul,7,3,2020
20200801,2020-08-01,Saturday,1,31,August,Aug,8,3,2020
20200802,2020-08-02,Sunday,2,32,August,Aug,8,3,2020
20200803,2020-08-03,Monday,3,32,August,Aug,8,3,2020
20200804,2020-08-04,Tuesday,4,32,August,Aug,8,3,2020
20200805,2020-08-05,Wednesday,5,32,August,Aug,8,3,2020
20200806,2020-08-06,Thursday,6,32,August,Aug,8,3,2020
20200807,2020-08-07,Friday,7,32,August,Aug,8,3,2020
20200808,2020-08-08,Saturday,8,32,August,Aug,8,3,2020
20200809,2020-08-09,Sunday,9,33,August,Aug,8,3,2020
20200810,2020-08-10,Monday,10,33,August,Aug,8,3,2020
20200811,2020-08-11,Tuesday,11,33,August,Aug,8,3,2020
20200812,2020-08-12,Wednesday,12,33,August,Aug,8,3,2020
20200813,2020-08-13,Thursday,13,33,August,Aug,8,3,2020
20200814,2020-08-14,Friday,14,33,August,Aug,8,3,2020
20200815,2020-08-15,Saturday,15,33,August,Aug,8,3,2020
20200816,2020-08-16,Sunday,16,34,August,Aug,8,3,2020
20200817,2020-08-17,Monday,17,34,August,Aug,8,3,2020
20200818,2020-08-18,Tuesday,18,34,August,Aug,8,3,2020
20200819,2020-08-19,Wednesday,19,34,August,Aug,8,3,2020
20200820,2020-08-20,Thursday,20,34,August,Aug,8,3,2020
20200821,2020-08-21,Friday,21,34,August,Aug,8,3,2020
20200822,2020-08-22,Saturday,22,34,August,Aug,8,3,2020
20200823,2020-08-23,Sunday,23,35,August,Aug,8,3,2020
20200824,2020-08-24,Monday,24,35,August,Aug,8,3,2020
20200825,2020-08-25,Tuesday,25,35,August,Aug,8,3,2020
20200826,2020-08-26,Wednesday,26,35,August,Aug,8,3,2020
20200827,2020-08-27,Thursday,27,35,August,Aug,8,3,2020
20200828,2020-08-28,Friday,28,35,August,Aug,8,3,2020
20200829,2020-08-29,Saturday,29,35,August,Aug,8,3,2020
20200830,2020-08-30,Sunday,30,36,August,Aug,8,3,2020
20200831,2020-08-31,Monday,31,36,August,Aug,8,3,2020
20200901,2020-09-01,Tuesday,1,36,September,Sep,9,3,2020
20200902,2020-09-02,Wednesday,2,36,September,Sep,9,3,2020
20200903,2020-09-03,Thursday,3,36,September,Sep,9,3,2020
20200904,2020-09-04,Friday,4,36,September,Sep,9,3,2020
20200905,2020-09-05,Saturday,5,36,September,Sep,9,3,2020
20200906,2020-09-06,Sunday,6,37,September,Sep,9,3,2020
20200907,2020-09-07,Monday,7,37,September,Sep,9,3,2020
20200908,2020-09-08,Tuesday,8,37,September,Sep,9,3,2020
20200909,2020-09-09,Wednesday,9,37,September,Sep,9,3,2020
20200910,2020-09-10,Thursday,10,37,September,Sep,9,3,2020
20200911,2020-09-11,Friday,11,37,September,Sep,9,3,2020
20200912,2020-09-12,Saturday,12,37,September,Sep,9,3,2020
20200913,2020-09-13,Sunday,13,38,September,Sep,9,3,2020
20200914,2020-09-14,Monday,14,38,September,Sep,9,3,2020
20200915,2020-09-15,Tuesday,15,38,September,Sep,9,3,2020
20200916,2020-09-16,Wednesday,16,38,September,Sep,9,3,2020
20200917,2020-09-17,Thursday,17,38,September,Sep,9,3,2020
20200918,2020-09-18,Friday,18,38,September,Sep,9,3,2020
20200919,2020-09-19,Saturday,19,38,September,Sep,9,3,2020
20200920,2020-09-20,Sunday,20,39,September,Sep,9,3,2020
20200921,2020-09-21,Monday,21,39,September,Sep,9,3,2020
20200922,2020-09-22,Tuesday,22,39,September,Sep,9,3,2020
20200923,2020-09-23,Wednesday,23,39,September,Sep,9,3,2020
20200924,2020-09-24,Thursday,24,39,September,Sep,9,3,2020
20200925,2020-09-25,Friday,25,39,September,Sep,9,3,2020
20200926,2020-09-26,Saturday,26,39,September,Sep,9,3,2020
20200927,2020-09-27,Sunday,27,40,September,Sep,9,3,2020
20200928,2020-09-28,Monday,28,40,September,Sep,9,3,2020
20200929,2020-09-29,Tuesday,29,40,September,Sep,9,3,2020
20200930,2020-09-30,Wednesday,30,40,September,Sep,9,3,2020
20201001,2020-10-01,Thursday,1,40,October,Oct,10,4,2020
20201002,2020-10-02,Friday,2,40,October,Oct,10,4,2020
20201003,2020-10-03,Saturday,3,40,October,Oct,10,4,2020
20201004,2020-10-04,Sunday,4,41,October,Oct,10,4,2020
20201005,2020-10-05,Monday,5,41,October,Oct,10,4,2020
20201006,2020-10-06,Tuesday,6,41,October,Oct,10,4,2020
20201007,2020-10-07,Wednesday,7,41,October,Oct,10,4,2020
20201008,2020-10-08,Thursday,8,41,October,Oct,10,4,2020
20201009,2020-10-09,Friday,9,41,October,Oct,10,4,2020
20201010,2020-10-10,Saturday,10,41,October,Oct,10,4,2020
20201011,2020-10-11,Sunday,11,42,October,Oct,10,4,2020
20201012,2020-10-12,Monday,12,42,October,Oct,10,4,2020
20201013,2020-10-13,Tuesday,13,42,October,Oct,10,4,2020
20201014,2020-10-14,Wednesday,14,42,October,Oct,10,4,2020
20201015,2020-10-15,Thursday,15,42,October,Oct,10,4,2020
20201016,2020-10-16,Friday,16,42,October,Oct,10,4,2020
20201017,2020-10-17,Saturday,17,42,October,Oct,10,4,2020
20201018,2020-10-18,Sunday,18,43,October,Oct,10,4,2020
20201019,2020-10-19,Monday,19,43,October,Oct,10,4,2020
20201020,2020-10-20,Tuesday,20,43,October,Oct,10,4,2020
20201021,2020-10-21,Wednesday,21,43,October,Oct,10,4,2020
20201022,2020-10-22,Thursday,22,43,October,Oct,10,4,2020
20201023,2020-10-23,Friday,23,43,October,Oct,10,4,2020
20201024,2020-10-24,Saturday,24,43,October,Oct,10,4,2020
20201025,2020-10-25,Sunday,25,44,October,Oct,10,4,2020
20201026,2020-10-26,Monday,26,44,October,Oct,10,4,2020
20201027,2020-10-27,Tuesday,27,44,October,Oct,10,4,2020
20201028,2020-10-28,Wednesday,28,44,October,Oct,10,4,2020
20201029,2020-10-29,Thursday,29,44,October,Oct,10,4,2020
20201030,2020-10-30,Friday,30,44,October,Oct,10,4,2020
20201031,2020-10-31,Saturday,31,44,October,Oct,10,4,2020
20201101,2020-11-01,Sunday,1,45,November,Nov,11,4,2020
20201102,2020-11-02,Monday,2,45,November,Nov,11,4,2020
20201103,2020-11-03,Tuesday,3,45,November,Nov,11,4,2020
20201104,2020-11-04,Wednesday,4,45,November,Nov,11,4,2020
20201105,2020-11-05,Thursday,5,45,November,Nov,11,4,2020
20201106,2020-11-06,Friday,6,45,November,Nov,11,4,2020
20201107,2020-11-07,Saturday,7,45,November,Nov,11,4,2020
20201108,2020-11-08,Sunday,8,46,November,Nov,11,4,2020
20201109,2020-11-09,Monday,9,46,November,Nov,11,4,2020
20201110,2020-11-10,Tuesday,10,46,November,Nov,11,4,2020
20201111,2020-11-11,Wednesday,11,46,November,Nov,11,4,2020
20201112,2020-11-12,Thursday,12,46,November,Nov,11,4,2020
20201113,2020-11-13,Friday,13,46,November,Nov,11,4,2020
20201114,2020-11-14,Saturday,14,46,November,Nov,11,4,2020
20201115,2020-11-15,Sunday,15,47,November,Nov,11,4,2020
20201116,2020-11-16,Monday,16,47,November,Nov,11,4,2020
20201117,2020-11-17,Tuesday,17,47,November,Nov,11,4,2020
20201118,2020-11-18,Wednesday,18,47,November,Nov,11,4,2020
20201119,2020-11-19,Thursday,19,47,November,Nov,11,4,2020
20201120,2020-11-20,Friday,20,47,November,Nov,11,4,2020
20201121,2020-11-21,Saturday,21,47,November,Nov,11,4,2020
20201122,2020-11-22,Sunday,22,48,November,Nov,11,4,2020
20201123,2020-11-23,Monday,23,48,November,Nov,11,4,2020
20201124,2020-11-24,Tuesday,24,48,November,Nov,11,4,2020
20201125,2020-11-25,Wednesday,25,48,November,Nov,11,4,2020
20201126,2020-11-26,Thursday,26,48,November,Nov,11,4,2020
20201127,2020-11-27,Friday,27,48,November,Nov,11,4,2020
20201128,2020-11-28,Saturday,28,48,November,Nov,11,4,2020
20201129,2020-11-29,Sunday,29,49,November,Nov,11,4,2020
20201130,2020-11-30,Monday,30,49,November,Nov,11,4,2020
20201201,2020-12-01,Tuesday,1,49,December,Dec,12,4,2020
20201202,2020-12-02,Wednesday,2,49,December,Dec,12,4,2020
20201203,2020-12-03,Thursday,3,49,December,Dec,12,4,2020
20201204,2020-12-04,Friday,4,49,December,Dec,12,4,2020
20201205,2020-12-05,Saturday,5,49,December,Dec,12,4,2020
20201206,2020-12-06,Sunday,6,50,December,Dec,12,4,2020
20201207,2020-12-07,Monday,7,50,December,Dec,12,4,2020
20201208,2020-12-08,Tuesday,8,50,December,Dec,12,4,2020
20201209,2020-12-09,Wednesday,9,50,December,Dec,12,4,2020
20201210,2020-12-10,Thursday,10,50,December,Dec,12,4,2020
20201211,2020-12-11,Friday,11,50,December,Dec,12,4,2020
20201212,2020-12-12,Saturday,12,50,December,Dec,12,4,2020
20201213,2020-12-13,Sunday,13,51,December,Dec,12,4,2020
20201214,2020-12-14,Monday,14,51,December,Dec,12,4,2020
20201215,2020-12-15,Tuesday,15,51,December,Dec,12,4,2020
20201216,2020-12-16,Wednesday,16,51,December,Dec,12,4,2020
20201217,2020-12-17,Thursday,17,51,December,Dec,12,4,2020
20201218,2020-12-18,Friday,18,51,December,Dec,12,4,2020
20201219,2020-12-19,Saturday,19,51,December,Dec,12,4,2020
20201220,2020-12-20,Sunday,20,52,December,Dec,12,4,2020
20201221,2020-12-21,Monday,21,52,December,Dec,12,4,2020
20201222,2020-12-22,Tuesday,22,52,December,Dec,12,4,2020
20201223,2020-12-23,Wednesday,23,52,December,Dec,12,4,2020
20201224,2020-12-24,Thursday,24,52,December,Dec,12,4,2020
20201225,2020-12-25,Friday,25,52,December,Dec,12,4,2020
20201226,2020-12-26,Saturday,26,52,December,Dec,12,4,2020
20201227,2020-12-27,Sunday,27,53,December,Dec,12,4,2020
20201228,2020-12-28,Monday,28,53,December,Dec,12,4,2020
20201229,2020-12-29,Tuesday,29,53,December,Dec,12,4,2020
20201230,2020-12-30,Wednesday,30,53,December,Dec,12,4,2020
20201231,2020-12-31,Thursday,31,53,December,Dec,12,4,2020
20210101,2021-01-01,Friday,1,1,January,Jan,1,1,2021
20210102,2021-01-02,Saturday,2,1,January,Jan,1,1,2021
20210103,2021-01-03,Sunday,3,2,January,Jan,1,1,2021
20210104,2021-01-04,Monday,4,2,January,Jan,1,1,2021
20210105,2021-01-05,Tuesday,5,2,January,Jan,1,1,2021
20210106,2021-01-06,Wednesday,6,2,January,Jan,1,1,2021
20210107,2021-01-07,Thursday,7,2,January,Jan,1,1,2021
20210108,2021-01-08,Friday,8,2,January,Jan,1,1,2021
20210109,2021-01-09,Saturday,9,2,January,Jan,1,1,2021
20210110,2021-01-10,Sunday,10,3,January,Jan,1,1,2021
20210111,2021-01-11,Monday,11,3,January,Jan,1,1,2021
20210112,2021-01-12,Tuesday,12,3,January,Jan,1,1,2021
20210113,2021-01-13,Wednesday,13,3,January,Jan,1,1,2021
20210114,2021-01-14,Thursday,14,3,January,Jan,1,1,2021
20210115,2021-01-15,Friday,15,3,January,Jan,1,1,2021
20210116,2021-01-16,Saturday,16,3,January,Jan,1,1,2021
20210117,2021-01-17,Sunday,17,4,January,Jan,1,1,2021
20210118,2021-01-18,Monday,18,4,January,Jan,1,1,2021
20210119,2021-01-19,Tuesday,19,4,January,Jan,1,1,2021
20210120,2021-01-20,Wednesday,20,4,January,Jan,1,1,2021
20210121,2021-01-21,Thursday,21,4,January,Jan,1,1,2021
20210122,2021-01-22,Friday,22,4,January,Jan,1,1,2021
20210123,2021-01-23,Saturday,23,4,January,Jan,1,1,2021
20210124,2021-01-24,Sunday,24,5,January,Jan,1,1,2021
20210125,2021-01-25,Monday,25,5,January,Jan,1,1,2021
20210126,2021-01-26,Tuesday,26,5,January,Jan,1,1,2021
20210127,2021-01-27,Wednesday,27,5,January,Jan,1,1,2021
20210128,2021-01-28,Thursday,28,5,January,Jan,1,1,2021
20210129,2021-01-29,Friday,29,5,January,Jan,1,1,2021
20210130,2021-01-30,Saturday,30,5,January,Jan,1,1,2021
20210131,2021-01-31,Sunday,31,6,January,Jan,1,1,2021
20210201,2021-02-01,Monday,1,6,February,Feb,2,1,2021
20210202,2021-02-02,Tuesday,2,6,February,Feb,2,1,2021
20210203,2021-02-03,Wednesday,3,6,February,Feb,2,1,2021
20210204,2021-02-04,Thursday,4,6,February,Feb,2,1,2021
20210205,2021-02-05,Friday,5,6,February,Feb,2,1,2021
20210206,2021-02-06,Saturday,6,6,February,Feb,2,1,2021
20210207,2021-02-07,Sunday,7,7,February,Feb,2,1,2021
20210208,2021-02-08,Monday,8,7,February,Feb,2,1,2021
20210209,2021-02-09,Tuesday,9,7,February,Feb,2,1,2021
20210210,2021-02-10,Wednesday,10,7,February,Feb,2,1,2021
20210211,2021-02-11,Thursday,11,7,February,Feb,2,1,2021
20210212,2021-02-12,Friday,12,7,February,Feb,2,1,2021
20210213,2021-02-13,Saturday,13,7,February,Feb,2,1,2021
20210214,2021-02-14,Sunday,14,8,February,Feb,2,1,2021
20210215,2021-02-15,Monday,15,8,February,Feb,2,1,2021
20210216,2021-02-16,Tuesday,16,8,February,Feb,2,1,2021
20210217,2021-02-17,Wednesday,17,8,February,Feb,2,1,2021
20210218,2021-02-18,Thursday,18,8,February,Feb,2,1,2021
20210219,2021-02-19,Friday,19,8,February,Feb,2,1,2021
20210220,2021-02-20,Saturday,20,8,February,Feb,2,1,2021
20210221,2021-02-21,Sunday,21,9,February,Feb,2,1,2021
20210222,2021-02-22,Monday,22,9,February,Feb,2,1,2021
20210223,2021-02-23,Tuesday,23,9,February,Feb,2,1,2021
20210224,2021-02-24,Wednesday,24,9,February,Feb,2,1,2021
20210225,2021-02-25,Thursday,25,9,February,Feb,2,1,2021
20210226,2021-02-26,Friday,26,9,February,Feb,2,1,2021
20210227,2021-02-27,Saturday,27,9,February,Feb,2,1,2021
20210228,2021-02-28,Sunday,28,10,February,Feb,2,1,2021
20210301,2021-03-01,Monday,1,10,March,Mar,3,1,2021
20210302,2021-03-02,Tuesday,2,10,March,Mar,3,1,2021
20210303,2021-03-03,Wednesday,3,10,March,Mar,3,1,2021
20210304,2021-03-04,Thursday,4,10,March,Mar,3,1,2021
20210305,2021-03-05,Friday,5,10,March,Mar,3,1,2021
20210306,2021-03-06,Saturday,6,10,March,Mar,3,1,2021
20210307,2021-03-07,Sunday,7,11,March,Mar,3,1,2021
20210308,2021-03-08,Monday,8,11,March,Mar,3,1,2021
20210309,2021-03-09,Tuesday,9,11,March,Mar,3,1,2021
20210310,2021-03-10,Wednesday,10,11,March,Mar,3,1,2021
20210311,2021-03-11,Thursday,11,11,March,Mar,3,1,2021
20210312,2021-03-12,Friday,12,11,March,Mar,3,1,2021
20210313,2021-03-13,Saturday,13,11,March,Mar,3,1,2021
20210314,2021-03-14,Sunday,14,12,March,Mar,3,1,2021
20210315,2021-03-15,Monday,15,12,March,Mar,3,1,2021
20210316,2021-03-16,Tuesday,16,12,March,Mar,3,1,2021
20210317,2021-03-17,Wednesday,17,12,March,Mar,3,1,2021
20210318,2021-03-18,Thursday,18,12,March,Mar,3,1,2021
20210319,2021-03-19,Friday,19,12,March,Mar,3,1,2021
20210320,2021-03-20,Saturday,20,12,March,Mar,3,1,2021
20210321,2021-03-21,Sunday,21,13,March,Mar,3,1,2021
20210322,2021-03-22,Monday,22,13,March,Mar,3,1,2021
20210323,2021-03-23,Tuesday,23,13,March,Mar,3,1,2021
20210324,2021-03-24,Wednesday,24,13,March,Mar,3,1,2021
20210325,2021-03-25,Thursday,25,13,March,Mar,3,1,2021
20210326,2021-03-26,Friday,26,13,March,Mar,3,1,2021
20210327,2021-03-27,Saturday,27,13,March,Mar,3,1,2021
20210328,2021-03-28,Sunday,28,14,March,Mar,3,1,2021
20210329,2021-03-29,Monday,29,14,March,Mar,3,1,2021
20210330,2021-03-30,Tuesday,30,14,March,Mar,3,1,2021
20210331,2021-03-31,Wednesday,31,14,March,Mar,3,1,2021
20210401,2021-04-01,Thursday,1,14,April,Apr,4,2,2021
20210402,2021-04-02,Friday,2,14,April,Apr,4,2,2021
20210403,2021-04-03,Saturday,3,14,April,Apr,4,2,2021
20210404,2021-04-04,Sunday,4,15,April,Apr,4,2,2021
20210405,2021-04-05,Monday,5,15,April,Apr,4,2,2021
20210406,2021-04-06,Tuesday,6,15,April,Apr,4,2,2021
20210407,2021-04-07,Wednesday,7,15,April,Apr,4,2,2021
20210408,2021-04-08,Thursday,8,15,April,Apr,4,2,2021
20210409,2021-04-09,Friday,9,15,April,Apr,4,2,2021
20210410,2021-04-10,Saturday,10,15,April,Apr,4,2,2021
20210411,2021-04-11,Sunday,11,16,April,Apr,4,2,2021
20210412,2021-04-12,Monday,12,16,April,Apr,4,2,2021
20210413,2021-04-13,Tuesday,13,16,April,Apr,4,2,2021
20210414,2021-04-14,Wednesday,14,16,April,Apr,4,2,2021
20210415,2021-04-15,Thursday,15,16,April,Apr,4,2,2021
20210416,2021-04-16,Friday,16,16,April,Apr,4,2,2021
20210417,2021-04-17,Saturday,17,16,April,Apr,4,2,2021
20210418,2021-04-18,Sunday,18,17,April,Apr,4,2,2021
20210419,2021-04-19,Monday,19,17,April,Apr,4,2,2021
20210420,2021-04-20,Tuesday,20,17,April,Apr,4,2,2021
20210421,2021-04-21,Wednesday,21,17,April,Apr,4,2,2021
20210422,2021-04-22,Thursday,22,17,April,Apr,4,2,2021
20210423,2021-04-23,Friday,23,17,April,Apr,4,2,2021
20210424,2021-04-24,Saturday,24,17,April,Apr,4,2,2021
20210425,2021-04-25,Sunday,25,18,April,Apr,4,2,2021
20210426,2021-04-26,Monday,26,18,April,Apr,4,2,2021
20210427,2021-04-27,Tuesday,27,18,April,Apr,4,2,2021
20210428,2021-04-28,Wednesday,28,18,April,Apr,4,2,2021
20210429,2021-04-29,Thursday,29,18,April,Apr,4,2,2021
20210430,2021-04-30,Friday,30,18,April,Apr,4,2,2021
20210501,2021-05-01,Saturday,1,18,May,May,5,2,2021
20210502,2021-05-02,Sunday,2,19,May,May,5,2,2021
20210503,2021-05-03,Monday,3,19,May,May,5,2,2021
20210504,2021-05-04,Tuesday,4,19,May,May,5,2,2021
20210505,2021-05-05,Wednesday,5,19,May,May,5,2,2021
20210506,2021-05-06,Thursday,6,19,May,May,5,2,2021
20210507,2021-05-07,Friday,7,19,May,May,5,2,2021
20210508,2021-05-08,Saturday,8,19,May,May,5,2,2021
20210509,2021-05-09,Sunday,9,20,May,May,5,2,2021
20210510,2021-05-10,Monday,10,20,May,May,5,2,2021
20210511,2021-05-11,Tuesday,11,20,May,May,5,2,2021
20210512,2021-05-12,Wednesday,12,20,May,May,5,2,2021
20210513,2021-05-13,Thursday,13,20,May,May,5,2,2021
20210514,2021-05-14,Friday,14,20,May,May,5,2,2021
20210515,2021-05-15,Saturday,15,20,May,May,5,2,2021
20210516,2021-05-16,Sunday,16,21,May,May,5,2,2021
20210517,2021-05-17,Monday,17,21,May,May,5,2,2021
20210518,2021-05-18,Tuesday,18,21,May,May,5,2,2021
20210519,2021-05-19,Wednesday,19,21,May,May,5,2,2021
20210520,2021-05-20,Thursday,20,21,May,May,5,2,2021
20210521,2021-05-21,Friday,21,21,May,May,5,2,2021
20210522,2021-05-22,Saturday,22,21,May,May,5,2,2021
20210523,2021-05-23,Sunday,23,22,May,May,5,2,2021
20210524,2021-05-24,Monday,24,22,May,May,5,2,2021
20210525,2021-05-25,Tuesday,25,22,May,May,5,2,2021
20210526,2021-05-26,Wednesday,26,22,May,May,5,2,2021
20210527,2021-05-27,Thursday,27,22,May,May,5,2,2021
20210528,2021-05-28,Friday,28,22,May,May,5,2,2021
20210529,2021-05-29,Saturday,29,22,May,May,5,2,2021
20210530,2021-05-30,Sunday,30,23,May,May,5,2,2021
20210531,2021-05-31,Monday,31,23,May,May,5,2,2021
20210601,2021-06-01,Tuesday,1,23,June,Jun,6,2,2021
20210602,2021-06-02,Wednesday,2,23,June,Jun,6,2,2021
20210603,2021-06-03,Thursday,3,23,June,Jun,6,2,2021
20210604,2021-06-04,Friday,4,23,June,Jun,6,2,2021
20210605,2021-06-05,Saturday,5,23,June,Jun,6,2,2021
20210606,2021-06-06,Sunday,6,24,June,Jun,6,2,2021
20210607,2021-06-07,Monday,7,24,June,Jun,6,2,2021
20210608,2021-06-08,Tuesday,8,24,June,Jun,6,2,2021
20210609,2021-06-09,Wednesday,9,24,June,Jun,6,2,2021
20210610,2021-06-10,Thursday,10,24,June,Jun,6,2,2021
20210611,2021-06-11,Friday,11,24,June,Jun,6,2,2021
20210612,2021-06-12,Saturday,12,24,June,Jun,6,2,2021
20210613,2021-06-13,Sunday,13,25,June,Jun,6,2,2021
20210614,2021-06-14,Monday,14,25,June,Jun,6,2,2021
20210615,2021-06-15,Tuesday,15,25,June,Jun,6,2,2021
20210616,2021-06-16,Wednesday,16,25,June,Jun,6,2,2021
20210617,2021-06-17,Thursday,17,25,June,Jun,6,2,2021
20210618,2021-06-18,Friday,18,25,June,Jun,6,2,2021
20210619,2021-06-19,Saturday,19,25,June,Jun,6,2,2021
20210620,2021-06-20,Sunday,20,26,June,Jun,6,2,2021
20210621,2021-06-21,Monday,21,26,June,Jun,6,2,2021
20210622,2021-06-22,Tuesday,22,26,June,Jun,6,2,2021
20210623,2021-06-23,Wednesday,23,26,June,Jun,6,2,2021
20210624,2021-06-24,Thursday,24,26,June,Jun,6,2,2021
20210625,2021-06-25,Friday,25,26,June,Jun,6,2,2021
20210626,2021-06-26,Saturday,26,26,June,Jun,6,2,2021
20210627,2021-06-27,Sunday,27,27,June,Jun,6,2,2021
20210628,2021-06-28,Monday,28,27,June,Jun,6,2,2021
20210629,2021-06-29,Tuesday,29,27,June,Jun,6,2,2021
20210630,2021-06-30,Wednesday,30,27,June,Jun,6,2,2021
20210701,2021-07-01,Thursday,1,27,July,Jul,7,3,2021
20210702,2021-07-02,Friday,2,27,July,Jul,7,3,2021
20210703,2021-07-03,Saturday,3,27,July,Jul,7,3,2021
20210704,2021-07-04,Sunday,4,28,July,Jul,7,3,2021
20210705,2021-07-05,Monday,5,28,July,Jul,7,3,2021
20210706,2021-07-06,Tuesday,6,28,July,Jul,7,3,2021
20210707,2021-07-07,Wednesday,7,28,July,Jul,7,3,2021
20210708,2021-07-08,Thursday,8,28,July,Jul,7,3,2021
20210709,2021-07-09,Friday,9,28,July,Jul,7,3,2021
20210710,2021-07-10,Saturday,10,28,July,Jul,7,3,2021
20210711,2021-07-11,Sunday,11,29,July,Jul,7,3,2021
20210712,2021-07-12,Monday,12,29,July,Jul,7,3,2021
20210713,2021-07-13,Tuesday,13,29,July,Jul,7,3,2021
20210714,2021-07-14,Wednesday,14,29,July,Jul,7,3,2021
20210715,2021-07-15,Thursday,15,29,July,Jul,7,3,2021
20210716,2021-07-16,Friday,16,29,July,Jul,7,3,2021
20210717,2021-07-17,Saturday,17,29,July,Jul,7,3,2021
20210718,2021-07-18,Sunday,18,30,July,Jul,7,3,2021
20210719,2021-07-19,Monday,19,30,July,Jul,7,3,2021
20210720,2021-07-20,Tuesday,20,30,July,Jul,7,3,2021
20210721,2021-07-21,Wednesday,21,30,July,Jul,7,3,2021
20210722,2021-07-22,Thursday,22,30,July,Jul,7,3,2021
20210723,2021-07-23,Friday,23,30,July,Jul,7,3,2021
20210724,2021-07-24,Saturday,24,30,July,Jul,7,3,2021
20210725,2021-07-25,Sunday,25,31,July,Jul,7,3,2021
20210726,2021-07-26,Monday,26,31,July,Jul,7,3,2021
20210727,2021-07-27,Tuesday,27,31,July,Jul,7,3,2021
20210728,2021-07-28,Wednesday,28,31,July,Jul,7,3,2021
20210729,2021-07-29,Thursday,29,31,July,Jul,7,3,2021
20210730,2021-07-30,Friday,30,31,July,Jul,7,3,2021
20210731,2021-07-31,Saturday,31,31,July,Jul,7,3,2021
20210801,2021-08-01,Sunday,1,32,August,Aug,8,3,2021
20210802,2021-08-02,Monday,2,32,August,Aug,8,3,2021
20210803,2021-08-03,Tuesday,3,32,August,Aug,8,3,2021
20210804,2021-08-04,Wednesday,4,32,August,Aug,8,3,2021
20210805,2021-08-05,Thursday,5,32,August,Aug,8,3,2021
20210806,2021-08-06,Friday,6,32,August,Aug,8,3,2021
20210807,2021-08-07,Saturday,7,32,August,Aug,8,3,2021
20210808,2021-08-08,Sunday,8,33,August,Aug,8,3,2021
20210809,2021-08-09,Monday,9,33,August,Aug,8,3,2021
20210810,2021-08-10,Tuesday,10,33,August,Aug,8,3,2021
20210811,2021-08-11,Wednesday,11,33,August,Aug,8,3,2021
20210812,2021-08-12,Thursday,12,33,August,Aug,8,3,2021
20210813,2021-08-13,Friday,13,33,August,Aug,8,3,2021
20210814,2021-08-14,Saturday,14,33,August,Aug,8,3,2021
20210815,2021-08-15,Sunday,15,34,August,Aug,8,3,2021
20210816,2021-08-16,Monday,16,34,August,Aug,8,3,2021
20210817,2021-08-17,Tuesday,17,34,August,Aug,8,3,2021
20210818,2021-08-18,Wednesday,18,34,August,Aug,8,3,2021
20210819,2021-08-19,Thursday,19,34,August,Aug,8,3,2021
20210820,2021-08-20,Friday,20,34,August,Aug,8,3,2021
20210821,2021-08-21,Saturday,21,34,August,Aug,8,3,2021
20210822,2021-08-22,Sunday,22,35,August,Aug,8,3,2021
20210823,2021-08-23,Monday,23,35,August,Aug,8,3,2021
20210824,2021-08-24,Tuesday,24,35,August,Aug,8,3,2021
20210825,2021-08-25,Wednesday,25,35,August,Aug,8,3,2021
20210826,2021-08-26,Thursday,26,35,August,Aug,8,3,2021
20210827,2021-08-27,Friday,27,35,August,Aug,8,3,2021
20210828,2021-08-28,Saturday,28,35,August,Aug,8,3,2021
20210829,2021-08-29,Sunday,29,36,August,Aug,8,3,2021
20210830,2021-08-30,Monday,30,36,August,Aug,8,3,2021
20210831,2021-08-31,Tuesday,31,36,August,Aug,8,3,2021
20210901,2021-09-01,Wednesday,1,36,September,Sep,9,3,2021
20210902,2021-09-02,Thursday,2,36,September,Sep,9,3,2021
20210903,2021-09-03,Friday,3,36,September,Sep,9,3,2021
20210904,2021-09-04,Saturday,4,36,September,Sep,9,3,2021
20210905,2021-09-05,Sunday,5,37,September,Sep,9,3,2021
20210906,2021-09-06,Monday,6,37,September,Sep,9,3,2021
20210907,2021-09-07,Tuesday,7,37,September,Sep,9,3,2021
20210908,2021-09-08,Wednesday,8,37,September,Sep,9,3,2021
20210909,2021-09-09,Thursday,9,37,September,Sep,9,3,2021
20210910,2021-09-10,Friday,10,37,September,Sep,9,3,2021
20210911,2021-09-11,Saturday,11,37,September,Sep,9,3,2021
20210912,2021-09-12,Sunday,12,38,September,Sep,9,3,2021
20210913,2021-09-13,Monday,13,38,September,Sep,9,3,2021
20210914,2021-09-14,Tuesday,14,38,September,Sep,9,3,2021
20210915,2021-09-15,Wednesday,15,38,September,Sep,9,3,2021
20210916,2021-09-16,Thursday,16,38,September,Sep,9,3,2021
20210917,2021-09-17,Friday,17,38,September,Sep,9,3,2021
20210918,2021-09-18,Saturday,18,38,September,Sep,9,3,2021
20210919,2021-09-19,Sunday,19,39,September,Sep,9,3,2021
20210920,2021-09-20,Monday,20,39,September,Sep,9,3,2021
20210921,2021-09-21,Tuesday,21,39,September,Sep,9,3,2021
20210922,2021-09-22,Wednesday,22,39,September,Sep,9,3,2021
20210923,2021-09-23,Thursday,23,39,September,Sep,9,3,2021
20210924,2021-09-24,Friday,24,39,September,Sep,9,3,2021
20210925,2021-09-25,Saturday,25,39,September,Sep,9,3,2021
20210926,2021-09-26,Sunday,26,40,September,Sep,9,3,2021
20210927,2021-09-27,Monday,27,40,September,Sep,9,3,2021
20210928,2021-09-28,Tuesday,28,40,September,Sep,9,3,2021
20210929,2021-09-29,Wednesday,29,40,September,Sep,9,3,2021
20210930,2021-09-30,Thursday,30,40,September,Sep,9,3,2021
20211001,2021-10-01,Friday,1,40,October,Oct,10,4,2021
20211002,2021-10-02,Saturday,2,40,October,Oct,10,4,2021
20211003,2021-10-03,Sunday,3,41,October,Oct,10,4,2021
20211004,2021-10-04,Monday,4,41,October,Oct,10,4,2021
20211005,2021-10-05,Tuesday,5,41,October,Oct,10,4,2021
20211006,2021-10-06,Wednesday,6,41,October,Oct,10,4,2021
20211007,2021-10-07,Thursday,7,41,October,Oct,10,4,2021
20211008,2021-10-08,Friday,8,41,October,Oct,10,4,2021
20211009,2021-10-09,Saturday,9,41,October,Oct,10,4,2021
20211010,2021-10-10,Sunday,10,42,October,Oct,10,4,2021
20211011,2021-10-11,Monday,11,42,October,Oct,10,4,2021
20211012,2021-10-12,Tuesday,12,42,October,Oct,10,4,2021
20211013,2021-10-13,Wednesday,13,42,October,Oct,10,4,2021
20211014,2021-10-14,Thursday,14,42,October,Oct,10,4,2021
20211015,2021-10-15,Friday,15,42,October,Oct,10,4,2021
20211016,2021-10-16,Saturday,16,42,October,Oct,10,4,2021
20211017,2021-10-17,Sunday,17,43,October,Oct,10,4,2021
20211018,2021-10-18,Monday,18,43,October,Oct,10,4,2021
20211019,2021-10-19,Tuesday,19,43,October,Oct,10,4,2021
20211020,2021-10-20,Wednesday,20,43,October,Oct,10,4,2021
20211021,2021-10-21,Thursday,21,43,October,Oct,10,4,2021
20211022,2021-10-22,Friday,22,43,October,Oct,10,4,2021
20211023,2021-10-23,Saturday,23,43,October,Oct,10,4,2021
20211024,2021-10-24,Sunday,24,44,October,Oct,10,4,2021
20211025,2021-10-25,Monday,25,44,October,Oct,10,4,2021
20211026,2021-10-26,Tuesday,26,44,October,Oct,10,4,2021
20211027,2021-10-27,Wednesday,27,44,October,Oct,10,4,2021
20211028,2021-10-28,Thursday,28,44,October,Oct,10,4,2021
20211029,2021-10-29,Friday,29,44,October,Oct,10,4,2021
20211030,2021-10-30,Saturday,30,44,October,Oct,10,4,2021
20211031,2021-10-31,Sunday,31,45,October,Oct,10,4,2021
20211101,2021-11-01,Monday,1,45,November,Nov,11,4,2021
20211102,2021-11-02,Tuesday,2,45,November,Nov,11,4,2021
20211103,2021-11-03,Wednesday,3,45,November,Nov,11,4,2021
20211104,2021-11-04,Thursday,4,45,November,Nov,11,4,2021
20211105,2021-11-05,Friday,5,45,November,Nov,11,4,2021
20211106,2021-11-06,Saturday,6,45,November,Nov,11,4,2021
20211107,2021-11-07,Sunday,7,46,November,Nov,11,4,2021
20211108,2021-11-08,Monday,8,46,November,Nov,11,4,2021
20211109,2021-11-09,Tuesday,9,46,November,Nov,11,4,2021
20211110,2021-11-10,Wednesday,10,46,November,Nov,11,4,2021
20211111,2021-11-11,Thursday,11,46,November,Nov,11,4,2021
20211112,2021-11-12,Friday,12,46,November,Nov,11,4,2021
20211113,2021-11-13,Saturday,13,46,November,Nov,11,4,2021
20211114,2021-11-14,Sunday,14,47,November,Nov,11,4,2021
20211115,2021-11-15,Monday,15,47,November,Nov,11,4,2021
20211116,2021-11-16,Tuesday,16,47,November,Nov,11,4,2021
20211117,2021-11-17,Wednesday,17,47,November,Nov,11,4,2021
20211118,2021-11-18,Thursday,18,47,November,Nov,11,4,2021
20211119,2021-11-19,Friday,19,47,November,Nov,11,4,2021
20211120,2021-11-20,Saturday,20,47,November,Nov,11,4,2021
20211121,2021-11-21,Sunday,21,48,November,Nov,11,4,2021
20211122,2021-11-22,Monday,22,48,November,Nov,11,4,2021
20211123,2021-11-23,Tuesday,23,48,November,Nov,11,4,2021
20211124,2021-11-24,Wednesday,24,48,November,Nov,11,4,2021
20211125,2021-11-25,Thursday,25,48,November,Nov,11,4,2021
20211126,2021-11-26,Friday,26,48,November,Nov,11,4,2021
20211127,2021-11-27,Saturday,27,48,November,Nov,11,4,2021
20211128,2021-11-28,Sunday,28,49,November,Nov,11,4,2021
20211129,2021-11-29,Monday,29,49,November,Nov,11,4,2021
20211130,2021-11-30,Tuesday,30,49,November,Nov,11,4,2021
20211201,2021-12-01,Wednesday,1,49,December,Dec,12,4,2021
20211202,2021-12-02,Thursday,2,49,December,Dec,12,4,2021
20211203,2021-12-03,Friday,3,49,December,Dec,12,4,2021
20211204,2021-12-04,Saturday,4,49,December,Dec,12,4,2021
20211205,2021-12-05,Sunday,5,50,December,Dec,12,4,2021
20211206,2021-12-06,Monday,6,50,December,Dec,12,4,2021
20211207,2021-12-07,Tuesday,7,50,December,Dec,12,4,2021
20211208,2021-12-08,Wednesday,8,50,December,Dec,12,4,2021
20211209,2021-12-09,Thursday,9,50,December,Dec,12,4,2021
20211210,2021-12-10,Friday,10,50,December,Dec,12,4,2021
20211211,2021-12-11,Saturday,11,50,December,Dec,12,4,2021
20211212,2021-12-12,Sunday,12,51,December,Dec,12,4,2021
20211213,2021-12-13,Monday,13,51,December,Dec,12,4,2021
20211214,2021-12-14,Tuesday,14,51,December,Dec,12,4,2021
20211215,2021-12-15,Wednesday,15,51,December,Dec,12,4,2021
20211216,2021-12-16,Thursday,16,51,December,Dec,12,4,2021
20211217,2021-12-17,Friday,17,51,December,Dec,12,4,2021
20211218,2021-12-18,Saturday,18,51,December,Dec,12,4,2021
20211219,2021-12-19,Sunday,19,52,December,Dec,12,4,2021
20211220,2021-12-20,Monday,20,52,December,Dec,12,4,2021
20211221,2021-12-21,Tuesday,21,52,December,Dec,12,4,2021
20211222,2021-12-22,Wednesday,22,52,December,Dec,12,4,2021
20211223,2021-12-23,Thursday,23,52,December,Dec,12,4,2021
20211224,2021-12-24,Friday,24,52,December,Dec,12,4,2021
20211225,2021-12-25,Saturday,25,52,December,Dec,12,4,2021
20211226,2021-12-26,Sunday,26,53,December,Dec,12,4,2021
20211227,2021-12-27,Monday,27,53,December,Dec,12,4,2021
20211228,2021-12-28,Tuesday,28,53,December,Dec,12,4,2021
20211229,2021-12-29,Wednesday,29,53,December,Dec,12,4,2021
20211230,2021-12-30,Thursday,30,53,December,Dec,12,4,2021
20211231,2021-12-31,Friday,31,53,December,Dec,12,4,2021
